_id,topic,questions
6610e2f9e10537e70a8169c7,Leexo,[]
6610e2f9e10537e85f4fe1f2,Jaxspan,[{}]
6610e2f9e10537e7916b9f18,Skyndu,"[{},{},{},{}]"
6610e2f9e10537e8c57ab126,Rhynyx,"[{},{},{},{},{}]"
6610e2f9e10537e83cb671b5,Devpoint,[{}]
6610e2f9e10537e83e6ca249,Voonder,"[{},{},{},{},{}]"
6610e2f9e10537e8928bbcc8,Skyble,"[{},{},{},{}]"
6610e2f9e10537e7c521010f,Trudeo,"[{},{},{}]"
6610e2f9e10537e71b41a7c8,Mudo,"[{},{},{}]"
6610e2f9e10537e8a3bceecb,Browsecat,"[{},{},{},{}]"
6610e2f9e10537e8b1b75d4e,Tagchat,[{}]
6610e2f9e10537e6c405f59c,Miboo,"[{},{}]"
6610e2f9e10537e770365f6c,Yodoo,"[{},{}]"
6610e2f9e10537e7c28558f5,Avaveo,"[{},{},{},{}]"
6610e2f9e10537e841ea2b20,Feedmix,"[{},{},{},{},{}]"
6610e2f9e10537e7a67f3c07,Oyoyo,"[{},{},{}]"
6610e2f9e10537e82b6ef4d9,Myworks,"[{},{},{}]"
6610e2f9e10537e80c7b83eb,Wikivu,"[{},{},{},{}]"
6610e2f9e10537e7b003c499,Wordify,"[{},{},{},{}]"
6610e2f9e10537e875099976,Skinix,"[{},{},{},{}]"
6610e2f9e10537e752949d13,Omba,"[{},{},{},{},{}]"
6610e2f9e10537e6d7ef0f84,Quinu,"[{},{},{},{},{}]"
6610e2f9e10537e6dda6c982,Quamba,"[{},{},{},{},{}]"
6610e2f9e10537e7714b1da1,Photobug,[]
6610e2f9e10537e72c30fed4,Edgeclub,[{}]
6610e2f9e10537e6f9e783b7,Mynte,[]
6610e2f9e10537e80985c157,Nlounge,[]
6610e2f9e10537e73df51e6e,Jamia,[]
6610e2f9e10537e7a3c97044,Topicblab,[{}]
6610e2f9e10537e7e7de045e,Innotype,"[{},{},{},{},{}]"
